timestamp,pv_measured_kw
2026-06-21 00:00:00,0.00
2026-06-21 00:01:00,0.00
2026-06-21 00:02:00,0.00
2026-06-21 00:03:00,0.00
2026-06-21 00:04:00,0.00
2026-06-21 00:05:00,0.00
2026-06-21 00:06:00,0.00
2026-06-21 00:07:00,0.00
2026-06-21 00:08:00,0.00
2026-06-21 00:09:00,0.00
2026-06-21 00:10:00,0.00
2026-06-21 00:11:00,0.00
2026-06-21 00:12:00,0.00
2026-06-21 00:13:00,0.00
2026-06-21 00:14:00,0.00
2026-06-21 00:15:00,0.00
2026-06-21 00:16:00,0.00
2026-06-21 00:17:00,0.00
2026-06-21 00:18:00,0.00
2026-06-21 00:19:00,0.00
2026-06-21 00:20:00,0.00
2026-06-21 00:21:00,0.00
2026-06-21 00:22:00,0.00
2026-06-21 00:23:00,0.00
2026-06-21 00:24:00,0.00
2026-06-21 00:25:00,0.00
2026-06-21 00:26:00,0.00
2026-06-21 00:27:00,0.00
2026-06-21 00:28:00,0.00
2026-06-21 00:29:00,0.00
2026-06-21 00:30:00,0.00
2026-06-21 00:31:00,0.00
2026-06-21 00:32:00,0.00
2026-06-21 00:33:00,0.00
2026-06-21 00:34:00,0.00
2026-06-21 00:35:00,0.00
2026-06-21 00:36:00,0.00
2026-06-21 00:37:00,0.00
2026-06-21 00:38:00,0.00
2026-06-21 00:39:00,0.00
2026-06-21 00:40:00,0.00
2026-06-21 00:41:00,0.00
2026-06-21 00:42:00,0.00
2026-06-21 00:43:00,0.00
2026-06-21 00:44:00,0.00
2026-06-21 00:45:00,0.00
2026-06-21 00:46:00,0.00
2026-06-21 00:47:00,0.00
2026-06-21 00:48:00,0.00
2026-06-21 00:49:00,0.00
2026-06-21 00:50:00,0.00
2026-06-21 00:51:00,0.00
2026-06-21 00:52:00,0.00
2026-06-21 00:53:00,0.00
2026-06-21 00:54:00,0.00
2026-06-21 00:55:00,0.00
2026-06-21 00:56:00,0.00
2026-06-21 00:57:00,0.00
2026-06-21 00:58:00,0.00
2026-06-21 00:59:00,0.00
2026-06-21 01:00:00,0.00
2026-06-21 01:01:00,0.00
2026-06-21 01:02:00,0.00
2026-06-21 01:03:00,0.00
2026-06-21 01:04:00,0.00
2026-06-21 01:05:00,0.00
2026-06-21 01:06:00,0.00
2026-06-21 01:07:00,0.00
2026-06-21 01:08:00,0.00
2026-06-21 01:09:00,0.00
2026-06-21 01:10:00,0.00
2026-06-21 01:11:00,0.00
2026-06-21 01:12:00,0.00
2026-06-21 01:13:00,0.00
2026-06-21 01:14:00,0.00
2026-06-21 01:15:00,0.00
2026-06-21 01:16:00,0.00
2026-06-21 01:17:00,0.00
2026-06-21 01:18:00,0.00
2026-06-21 01:19:00,0.00
2026-06-21 01:20:00,0.00
2026-06-21 01:21:00,0.00
2026-06-21 01:22:00,0.00
2026-06-21 01:23:00,0.00
2026-06-21 01:24:00,0.00
2026-06-21 01:25:00,0.00
2026-06-21 01:26:00,0.00
2026-06-21 01:27:00,0.00
2026-06-21 01:28:00,0.00
2026-06-21 01:29:00,0.00
2026-06-21 01:30:00,0.00
2026-06-21 01:31:00,0.00
2026-06-21 01:32:00,0.00
2026-06-21 01:33:00,0.00
2026-06-21 01:34:00,0.00
2026-06-21 01:35:00,0.00
2026-06-21 01:36:00,0.00
2026-06-21 01:37:00,0.00
2026-06-21 01:38:00,0.00
2026-06-21 01:39:00,0.00
2026-06-21 01:40:00,0.00
2026-06-21 01:41:00,0.00
2026-06-21 01:42:00,0.00
2026-06-21 01:43:00,0.00
2026-06-21 01:44:00,0.00
2026-06-21 01:45:00,0.00
2026-06-21 01:46:00,0.00
2026-06-21 01:47:00,0.00
2026-06-21 01:48:00,0.00
2026-06-21 01:49:00,0.00
2026-06-21 01:50:00,0.00
2026-06-21 01:51:00,0.00
2026-06-21 01:52:00,0.00
2026-06-21 01:53:00,0.00
2026-06-21 01:54:00,0.00
2026-06-21 01:55:00,0.00
2026-06-21 01:56:00,0.00
2026-06-21 01:57:00,0.00
2026-06-21 01:58:00,0.00
2026-06-21 01:59:00,0.00
2026-06-21 02:00:00,0.00
2026-06-21 02:01:00,0.00
2026-06-21 02:02:00,0.00
2026-06-21 02:03:00,0.00
2026-06-21 02:04:00,0.00
2026-06-21 02:05:00,0.00
2026-06-21 02:06:00,0.00
2026-06-21 02:07:00,0.00
2026-06-21 02:08:00,0.00
2026-06-21 02:09:00,0.00
2026-06-21 02:10:00,0.00
2026-06-21 02:11:00,0.00
2026-06-21 02:12:00,0.00
2026-06-21 02:13:00,0.00
2026-06-21 02:14:00,0.00
2026-06-21 02:15:00,0.00
2026-06-21 02:16:00,0.00
2026-06-21 02:17:00,0.00
2026-06-21 02:18:00,0.00
2026-06-21 02:19:00,0.00
2026-06-21 02:20:00,0.00
2026-06-21 02:21:00,0.00
2026-06-21 02:22:00,0.00
2026-06-21 02:23:00,0.00
2026-06-21 02:24:00,0.00
2026-06-21 02:25:00,0.00
2026-06-21 02:26:00,0.00
2026-06-21 02:27:00,0.00
2026-06-21 02:28:00,0.00
2026-06-21 02:29:00,0.00
2026-06-21 02:30:00,0.00
2026-06-21 02:31:00,0.00
2026-06-21 02:32:00,0.00
2026-06-21 02:33:00,0.00
2026-06-21 02:34:00,0.00
2026-06-21 02:35:00,0.00
2026-06-21 02:36:00,0.00
2026-06-21 02:37:00,0.00
2026-06-21 02:38:00,0.00
2026-06-21 02:39:00,0.00
2026-06-21 02:40:00,0.00
2026-06-21 02:41:00,0.00
2026-06-21 02:42:00,0.00
2026-06-21 02:43:00,0.00
2026-06-21 02:44:00,0.00
2026-06-21 02:45:00,0.00
2026-06-21 02:46:00,0.00
2026-06-21 02:47:00,0.00
2026-06-21 02:48:00,0.00
2026-06-21 02:49:00,0.00
2026-06-21 02:50:00,0.00
2026-06-21 02:51:00,0.00
2026-06-21 02:52:00,0.00
2026-06-21 02:53:00,0.00
2026-06-21 02:54:00,0.00
2026-06-21 02:55:00,0.00
2026-06-21 02:56:00,0.00
2026-06-21 02:57:00,0.00
2026-06-21 02:58:00,0.00
2026-06-21 02:59:00,0.00
2026-06-21 03:00:00,0.00
2026-06-21 03:01:00,0.00
2026-06-21 03:02:00,0.00
2026-06-21 03:03:00,0.00
2026-06-21 03:04:00,0.00
2026-06-21 03:05:00,0.00
2026-06-21 03:06:00,0.00
2026-06-21 03:07:00,0.00
2026-06-21 03:08:00,0.00
2026-06-21 03:09:00,0.00
2026-06-21 03:10:00,0.00
2026-06-21 03:11:00,0.00
2026-06-21 03:12:00,0.00
2026-06-21 03:13:00,0.00
2026-06-21 03:14:00,0.00
2026-06-21 03:15:00,0.00
2026-06-21 03:16:00,0.00
2026-06-21 03:17:00,0.00
2026-06-21 03:18:00,0.00
2026-06-21 03:19:00,0.00
2026-06-21 03:20:00,0.00
2026-06-21 03:21:00,0.00
2026-06-21 03:22:00,0.00
2026-06-21 03:23:00,0.00
2026-06-21 03:24:00,0.00
2026-06-21 03:25:00,0.00
2026-06-21 03:26:00,0.00
2026-06-21 03:27:00,0.00
2026-06-21 03:28:00,0.00
2026-06-21 03:29:00,0.00
2026-06-21 03:30:00,0.00
2026-06-21 03:31:00,0.00
2026-06-21 03:32:00,0.00
2026-06-21 03:33:00,0.00
2026-06-21 03:34:00,0.00
2026-06-21 03:35:00,0.00
2026-06-21 03:36:00,0.00
2026-06-21 03:37:00,0.00
2026-06-21 03:38:00,0.00
2026-06-21 03:39:00,0.00
2026-06-21 03:40:00,0.00
2026-06-21 03:41:00,0.00
2026-06-21 03:42:00,0.00
2026-06-21 03:43:00,0.00
2026-06-21 03:44:00,0.00
2026-06-21 03:45:00,0.00
2026-06-21 03:46:00,0.00
2026-06-21 03:47:00,0.00
2026-06-21 03:48:00,0.00
2026-06-21 03:49:00,0.00
2026-06-21 03:50:00,0.00
2026-06-21 03:51:00,0.00
2026-06-21 03:52:00,0.00
2026-06-21 03:53:00,0.00
2026-06-21 03:54:00,0.00
2026-06-21 03:55:00,0.00
2026-06-21 03:56:00,0.00
2026-06-21 03:57:00,0.00
2026-06-21 03:58:00,0.00
2026-06-21 03:59:00,0.00
2026-06-21 04:00:00,0.00
2026-06-21 04:01:00,0.00
2026-06-21 04:02:00,0.00
2026-06-21 04:03:00,0.00
2026-06-21 04:04:00,0.00
2026-06-21 04:05:00,0.00
2026-06-21 04:06:00,0.00
2026-06-21 04:07:00,0.00
2026-06-21 04:08:00,0.00
2026-06-21 04:09:00,0.00
2026-06-21 04:10:00,0.00
2026-06-21 04:11:00,0.00
2026-06-21 04:12:00,0.00
2026-06-21 04:13:00,0.00
2026-06-21 04:14:00,0.00
2026-06-21 04:15:00,0.00
2026-06-21 04:16:00,0.00
2026-06-21 04:17:00,0.00
2026-06-21 04:18:00,0.00
2026-06-21 04:19:00,0.00
2026-06-21 04:20:00,0.00
2026-06-21 04:21:00,0.00
2026-06-21 04:22:00,0.00
2026-06-21 04:23:00,0.00
2026-06-21 04:24:00,0.00
2026-06-21 04:25:00,0.00
2026-06-21 04:26:00,0.00
2026-06-21 04:27:00,0.00
2026-06-21 04:28:00,0.00
2026-06-21 04:29:00,0.00
2026-06-21 04:30:00,0.00
2026-06-21 04:31:00,0.00
2026-06-21 04:32:00,0.00
2026-06-21 04:33:00,0.00
2026-06-21 04:34:00,0.00
2026-06-21 04:35:00,0.00
2026-06-21 04:36:00,0.00
2026-06-21 04:37:00,0.00
2026-06-21 04:38:00,0.00
2026-06-21 04:39:00,0.00
2026-06-21 04:40:00,0.00
2026-06-21 04:41:00,0.00
2026-06-21 04:42:00,0.00
2026-06-21 04:43:00,0.00
2026-06-21 04:44:00,0.00
2026-06-21 04:45:00,0.00
2026-06-21 04:46:00,0.00
2026-06-21 04:47:00,0.00
2026-06-21 04:48:00,0.00
2026-06-21 04:49:00,0.00
2026-06-21 04:50:00,0.00
2026-06-21 04:51:00,0.00
2026-06-21 04:52:00,0.00
2026-06-21 04:53:00,0.00
2026-06-21 04:54:00,0.00
2026-06-21 04:55:00,0.00
2026-06-21 04:56:00,0.00
2026-06-21 04:57:00,0.00
2026-06-21 04:58:00,0.00
2026-06-21 04:59:00,0.00
2026-06-21 05:00:00,0.00
2026-06-21 05:01:00,0.00
2026-06-21 05:02:00,0.00
2026-06-21 05:03:00,0.00
2026-06-21 05:04:00,0.00
2026-06-21 05:05:00,0.00
2026-06-21 05:06:00,0.00
2026-06-21 05:07:00,0.00
2026-06-21 05:08:00,0.00
2026-06-21 05:09:00,0.00
2026-06-21 05:10:00,0.00
2026-06-21 05:11:00,0.00
2026-06-21 05:12:00,0.00
2026-06-21 05:13:00,0.00
2026-06-21 05:14:00,0.00
2026-06-21 05:15:00,0.00
2026-06-21 05:16:00,0.00
2026-06-21 05:17:00,0.00
2026-06-21 05:18:00,0.00
2026-06-21 05:19:00,0.00
2026-06-21 05:20:00,0.00
2026-06-21 05:21:00,0.00
2026-06-21 05:22:00,0.00
2026-06-21 05:23:00,0.00
2026-06-21 05:24:00,0.00
2026-06-21 05:25:00,0.00
2026-06-21 05:26:00,0.00
2026-06-21 05:27:00,0.00
2026-06-21 05:28:00,0.00
2026-06-21 05:29:00,0.00
2026-06-21 05:30:00,0.00
2026-06-21 05:31:00,0.00
2026-06-21 05:32:00,0.00
2026-06-21 05:33:00,0.00
2026-06-21 05:34:00,0.00
2026-06-21 05:35:00,0.00
2026-06-21 05:36:00,0.00
2026-06-21 05:37:00,0.00
2026-06-21 05:38:00,0.00
2026-06-21 05:39:00,0.00
2026-06-21 05:40:00,0.00
2026-06-21 05:41:00,0.00
2026-06-21 05:42:00,0.00
2026-06-21 05:43:00,0.00
2026-06-21 05:44:00,0.00
2026-06-21 05:45:00,0.00
2026-06-21 05:46:00,0.00
2026-06-21 05:47:00,0.00
2026-06-21 05:48:00,0.00
2026-06-21 05:49:00,0.00
2026-06-21 05:50:00,0.00
2026-06-21 05:51:00,0.00
2026-06-21 05:52:00,0.00
2026-06-21 05:53:00,0.00
2026-06-21 05:54:00,0.00
2026-06-21 05:55:00,0.00
2026-06-21 05:56:00,0.00
2026-06-21 05:57:00,0.00
2026-06-21 05:58:00,0.00
2026-06-21 05:59:00,0.00
2026-06-21 06:00:00,0.00
2026-06-21 06:01:00,0.00
2026-06-21 06:02:00,0.00
2026-06-21 06:03:00,0.00
2026-06-21 06:04:00,0.00
2026-06-21 06:05:00,0.00
2026-06-21 06:06:00,0.00
2026-06-21 06:07:00,0.00
2026-06-21 06:08:00,0.00
2026-06-21 06:09:00,0.00
2026-06-21 06:10:00,0.00
2026-06-21 06:11:00,0.00
2026-06-21 06:12:00,0.00
2026-06-21 06:13:00,0.00
2026-06-21 06:14:00,0.00
2026-06-21 06:15:00,0.23
2026-06-21 06:16:00,0.26
2026-06-21 06:17:00,0.30
2026-06-21 06:18:00,0.33
2026-06-21 06:19:00,0.37
2026-06-21 06:20:00,0.40
2026-06-21 06:21:00,0.44
2026-06-21 06:22:00,0.48
2026-06-21 06:23:00,0.51
2026-06-21 06:24:00,0.55
2026-06-21 06:25:00,0.59
2026-06-21 06:26:00,0.63
2026-06-21 06:27:00,0.67
2026-06-21 06:28:00,0.72
2026-06-21 06:29:00,0.76
2026-06-21 06:30:00,0.82
2026-06-21 06:31:00,0.86
2026-06-21 06:32:00,0.92
2026-06-21 06:33:00,0.98
2026-06-21 06:34:00,1.04
2026-06-21 06:35:00,1.09
2026-06-21 06:36:00,1.16
2026-06-21 06:37:00,1.22
2026-06-21 06:38:00,1.28
2026-06-21 06:39:00,1.33
2026-06-21 06:40:00,1.40
2026-06-21 06:41:00,1.46
2026-06-21 06:42:00,1.52
2026-06-21 06:43:00,1.58
2026-06-21 06:44:00,1.65
2026-06-21 06:45:00,1.73
2026-06-21 06:46:00,1.80
2026-06-21 06:47:00,1.89
2026-06-21 06:48:00,1.97
2026-06-21 06:49:00,2.04
2026-06-21 06:50:00,2.11
2026-06-21 06:51:00,2.18
2026-06-21 06:52:00,2.24
2026-06-21 06:53:00,2.32
2026-06-21 06:54:00,2.40
2026-06-21 06:55:00,2.47
2026-06-21 06:56:00,2.54
2026-06-21 06:57:00,2.62
2026-06-21 06:58:00,2.68
2026-06-21 06:59:00,2.73
2026-06-21 07:00:00,2.81
2026-06-21 07:01:00,2.91
2026-06-21 07:02:00,2.97
2026-06-21 07:03:00,3.08
2026-06-21 07:04:00,3.12
2026-06-21 07:05:00,3.33
2026-06-21 07:06:00,3.84
2026-06-21 07:07:00,4.34
2026-06-21 07:08:00,4.81
2026-06-21 07:09:00,5.31
2026-06-21 07:10:00,5.81
2026-06-21 07:11:00,6.35
2026-06-21 07:12:00,6.90
2026-06-21 07:13:00,7.49
2026-06-21 07:14:00,8.06
2026-06-21 07:15:00,8.58
2026-06-21 07:16:00,9.12
2026-06-21 07:17:00,9.69
2026-06-21 07:18:00,10.20
2026-06-21 07:19:00,10.74
2026-06-21 07:20:00,11.31
2026-06-21 07:21:00,12.01
2026-06-21 07:22:00,12.67
2026-06-21 07:23:00,13.31
2026-06-21 07:24:00,13.83
2026-06-21 07:25:00,14.42
2026-06-21 07:26:00,15.08
2026-06-21 07:27:00,15.70
2026-06-21 07:28:00,16.41
2026-06-21 07:29:00,17.09
2026-06-21 07:30:00,17.73
2026-06-21 07:31:00,18.39
2026-06-21 07:32:00,19.04
2026-06-21 07:33:00,19.79
2026-06-21 07:34:00,20.37
2026-06-21 07:35:00,21.21
2026-06-21 07:36:00,21.98
2026-06-21 07:37:00,22.40
2026-06-21 07:38:00,23.07
2026-06-21 07:39:00,23.60
2026-06-21 07:40:00,23.91
2026-06-21 07:41:00,24.69
2026-06-21 07:42:00,25.51
2026-06-21 07:43:00,26.43
2026-06-21 07:44:00,27.40
2026-06-21 07:45:00,28.33
2026-06-21 07:46:00,29.04
2026-06-21 07:47:00,29.94
2026-06-21 07:48:00,30.56
2026-06-21 07:49:00,31.54
2026-06-21 07:50:00,32.32
2026-06-21 07:51:00,32.99
2026-06-21 07:52:00,33.80
2026-06-21 07:53:00,34.47
2026-06-21 07:54:00,35.04
2026-06-21 07:55:00,35.98
2026-06-21 07:56:00,36.85
2026-06-21 07:57:00,37.79
2026-06-21 07:58:00,38.89
2026-06-21 07:59:00,39.76
2026-06-21 08:00:00,40.73
2026-06-21 08:01:00,41.24
2026-06-21 08:02:00,41.88
2026-06-21 08:03:00,43.08
2026-06-21 08:04:00,43.96
2026-06-21 08:05:00,44.66
2026-06-21 08:06:00,45.20
2026-06-21 08:07:00,46.18
2026-06-21 08:08:00,47.32
2026-06-21 08:09:00,48.23
2026-06-21 08:10:00,49.37
2026-06-21 08:11:00,50.41
2026-06-21 08:12:00,51.04
2026-06-21 08:13:00,51.78
2026-06-21 08:14:00,51.97
2026-06-21 08:15:00,52.75
2026-06-21 08:16:00,53.06
2026-06-21 08:17:00,54.24
2026-06-21 08:18:00,55.68
2026-06-21 08:19:00,56.90
2026-06-21 08:20:00,57.48
2026-06-21 08:21:00,58.16
2026-06-21 08:22:00,59.46
2026-06-21 08:23:00,59.61
2026-06-21 08:24:00,60.09
2026-06-21 08:25:00,61.49
2026-06-21 08:26:00,61.97
2026-06-21 08:27:00,62.38
2026-06-21 08:28:00,62.70
2026-06-21 08:29:00,63.67
2026-06-21 08:30:00,64.92
2026-06-21 08:31:00,65.40
2026-06-21 08:32:00,65.97
2026-06-21 08:33:00,67.03
2026-06-21 08:34:00,67.24
2026-06-21 08:35:00,67.69
2026-06-21 08:36:00,68.53
2026-06-21 08:37:00,69.17
2026-06-21 08:38:00,69.42
2026-06-21 08:39:00,70.73
2026-06-21 08:40:00,71.19
2026-06-21 08:41:00,72.90
2026-06-21 08:42:00,73.90
2026-06-21 08:43:00,74.22
2026-06-21 08:44:00,74.71
2026-06-21 08:45:00,75.40
2026-06-21 08:46:00,76.12
2026-06-21 08:47:00,76.98
2026-06-21 08:48:00,77.37
2026-06-21 08:49:00,78.87
2026-06-21 08:50:00,79.95
2026-06-21 08:51:00,80.99
2026-06-21 08:52:00,81.55
2026-06-21 08:53:00,82.78
2026-06-21 08:54:00,84.50
2026-06-21 08:55:00,85.35
2026-06-21 08:56:00,87.19
2026-06-21 08:57:00,88.02
2026-06-21 08:58:00,88.53
2026-06-21 08:59:00,89.74
2026-06-21 09:00:00,91.23
2026-06-21 09:01:00,91.54
2026-06-21 09:02:00,92.80
2026-06-21 09:03:00,92.36
2026-06-21 09:04:00,93.12
2026-06-21 09:05:00,93.66
2026-06-21 09:06:00,94.62
2026-06-21 09:07:00,95.18
2026-06-21 09:08:00,96.02
2026-06-21 09:09:00,97.38
2026-06-21 09:10:00,98.68
2026-06-21 09:11:00,99.65
2026-06-21 09:12:00,100.44
2026-06-21 09:13:00,101.75
2026-06-21 09:14:00,102.19
2026-06-21 09:15:00,103.33
2026-06-21 09:16:00,103.92
2026-06-21 09:17:00,103.84
2026-06-21 09:18:00,104.41
2026-06-21 09:19:00,103.52
2026-06-21 09:20:00,104.96
2026-06-21 09:21:00,105.68
2026-06-21 09:22:00,105.11
2026-06-21 09:23:00,105.57
2026-06-21 09:24:00,105.60
2026-06-21 09:25:00,106.62
2026-06-21 09:26:00,107.18
2026-06-21 09:27:00,109.36
2026-06-21 09:28:00,109.21
2026-06-21 09:29:00,109.46
2026-06-21 09:30:00,109.83
2026-06-21 09:31:00,110.57
2026-06-21 09:32:00,111.76
2026-06-21 09:33:00,112.21
2026-06-21 09:34:00,112.52
2026-06-21 09:35:00,114.36
2026-06-21 09:36:00,114.85
2026-06-21 09:37:00,115.09
2026-06-21 09:38:00,116.83
2026-06-21 09:39:00,118.05
2026-06-21 09:40:00,118.59
2026-06-21 09:41:00,119.49
2026-06-21 09:42:00,121.22
2026-06-21 09:43:00,121.77
2026-06-21 09:44:00,122.20
2026-06-21 09:45:00,122.87
2026-06-21 09:46:00,123.10
2026-06-21 09:47:00,123.75
2026-06-21 09:48:00,123.21
2026-06-21 09:49:00,123.58
2026-06-21 09:50:00,123.63
2026-06-21 09:51:00,125.21
2026-06-21 09:52:00,126.79
2026-06-21 09:53:00,128.39
2026-06-21 09:54:00,128.56
2026-06-21 09:55:00,129.15
2026-06-21 09:56:00,130.09
2026-06-21 09:57:00,129.72
2026-06-21 09:58:00,130.29
2026-06-21 09:59:00,131.39
2026-06-21 10:00:00,130.24
2026-06-21 10:01:00,133.96
2026-06-21 10:02:00,133.72
2026-06-21 10:03:00,134.34
2026-06-21 10:04:00,134.58
2026-06-21 10:05:00,136.04
2026-06-21 10:06:00,135.43
2026-06-21 10:07:00,135.25
2026-06-21 10:08:00,135.24
2026-06-21 10:09:00,135.48
2026-06-21 10:10:00,135.05
2026-06-21 10:11:00,135.50
2026-06-21 10:12:00,136.38
2026-06-21 10:13:00,137.47
2026-06-21 10:14:00,138.28
2026-06-21 10:15:00,139.09
2026-06-21 10:16:00,140.31
2026-06-21 10:17:00,141.44
2026-06-21 10:18:00,143.35
2026-06-21 10:19:00,142.03
2026-06-21 10:20:00,144.98
2026-06-21 10:21:00,145.34
2026-06-21 10:22:00,146.01
2026-06-21 10:23:00,147.31
2026-06-21 10:24:00,147.83
2026-06-21 10:25:00,148.04
2026-06-21 10:26:00,149.27
2026-06-21 10:27:00,150.02
2026-06-21 10:28:00,149.23
2026-06-21 10:29:00,149.37
2026-06-21 10:30:00,149.46
2026-06-21 10:31:00,150.89
2026-06-21 10:32:00,151.95
2026-06-21 10:33:00,151.71
2026-06-21 10:34:00,153.98
2026-06-21 10:35:00,154.57
2026-06-21 10:36:00,155.20
2026-06-21 10:37:00,157.52
2026-06-21 10:38:00,157.86
2026-06-21 10:39:00,158.60
2026-06-21 10:40:00,157.80
2026-06-21 10:41:00,159.20
2026-06-21 10:42:00,159.73
2026-06-21 10:43:00,160.30
2026-06-21 10:44:00,159.56
2026-06-21 10:45:00,159.43
2026-06-21 10:46:00,159.71
2026-06-21 10:47:00,159.32
2026-06-21 10:48:00,160.29
2026-06-21 10:49:00,162.25
2026-06-21 10:50:00,162.30
2026-06-21 10:51:00,163.32
2026-06-21 10:52:00,165.10
2026-06-21 10:53:00,167.18
2026-06-21 10:54:00,169.71
2026-06-21 10:55:00,170.12
2026-06-21 10:56:00,169.50
2026-06-21 10:57:00,171.64
2026-06-21 10:58:00,172.46
2026-06-21 10:59:00,173.86
2026-06-21 11:00:00,174.60
2026-06-21 11:01:00,173.87
2026-06-21 11:02:00,173.42
2026-06-21 11:03:00,173.21
2026-06-21 11:04:00,172.78
2026-06-21 11:05:00,172.39
2026-06-21 11:06:00,172.47
2026-06-21 11:07:00,172.22
2026-06-21 11:08:00,172.73
2026-06-21 11:09:00,172.80
2026-06-21 11:10:00,171.86
2026-06-21 11:11:00,172.82
2026-06-21 11:12:00,171.12
2026-06-21 11:13:00,171.13
2026-06-21 11:14:00,172.05
2026-06-21 11:15:00,173.85
2026-06-21 11:16:00,174.29
2026-06-21 11:17:00,174.99
2026-06-21 11:18:00,175.04
2026-06-21 11:19:00,176.00
2026-06-21 11:20:00,175.70
2026-06-21 11:21:00,176.16
2026-06-21 11:22:00,176.61
2026-06-21 11:23:00,176.60
2026-06-21 11:24:00,177.07
2026-06-21 11:25:00,177.26
2026-06-21 11:26:00,178.00
2026-06-21 11:27:00,178.40
2026-06-21 11:28:00,179.66
2026-06-21 11:29:00,179.46
2026-06-21 11:30:00,180.39
2026-06-21 11:31:00,179.42
2026-06-21 11:32:00,180.30
2026-06-21 11:33:00,179.08
2026-06-21 11:34:00,180.47
2026-06-21 11:35:00,182.87
2026-06-21 11:36:00,181.69
2026-06-21 11:37:00,183.20
2026-06-21 11:38:00,183.32
2026-06-21 11:39:00,185.28
2026-06-21 11:40:00,185.11
2026-06-21 11:41:00,185.79
2026-06-21 11:42:00,187.45
2026-06-21 11:43:00,187.33
2026-06-21 11:44:00,187.38
2026-06-21 11:45:00,186.22
2026-06-21 11:46:00,185.98
2026-06-21 11:47:00,185.33
2026-06-21 11:48:00,186.57
2026-06-21 11:49:00,186.34
2026-06-21 11:50:00,186.88
2026-06-21 11:51:00,187.68
2026-06-21 11:52:00,188.98
2026-06-21 11:53:00,191.15
2026-06-21 11:54:00,191.72
2026-06-21 11:55:00,191.61
2026-06-21 11:56:00,191.51
2026-06-21 11:57:00,192.93
2026-06-21 11:58:00,193.66
2026-06-21 11:59:00,192.18
2026-06-21 12:00:00,191.20
2026-06-21 12:01:00,190.78
2026-06-21 12:02:00,191.46
2026-06-21 12:03:00,190.78
2026-06-21 12:04:00,190.76
2026-06-21 12:05:00,191.91
2026-06-21 12:06:00,191.59
2026-06-21 12:07:00,193.03
2026-06-21 12:08:00,192.40
2026-06-21 12:09:00,191.81
2026-06-21 12:10:00,193.13
2026-06-21 12:11:00,192.90
2026-06-21 12:12:00,193.10
2026-06-21 12:13:00,190.93
2026-06-21 12:14:00,193.25
2026-06-21 12:15:00,193.40
2026-06-21 12:16:00,194.10
2026-06-21 12:17:00,193.42
2026-06-21 12:18:00,193.82
2026-06-21 12:19:00,193.56
2026-06-21 12:20:00,194.14
2026-06-21 12:21:00,196.13
2026-06-21 12:22:00,196.46
2026-06-21 12:23:00,196.03
2026-06-21 12:24:00,196.07
2026-06-21 12:25:00,195.78
2026-06-21 12:26:00,194.66
2026-06-21 12:27:00,195.85
2026-06-21 12:28:00,195.67
2026-06-21 12:29:00,194.93
2026-06-21 12:30:00,194.18
2026-06-21 12:31:00,194.54
2026-06-21 12:32:00,195.06
2026-06-21 12:33:00,194.77
2026-06-21 12:34:00,196.12
2026-06-21 12:35:00,197.17
2026-06-21 12:36:00,197.43
2026-06-21 12:37:00,197.86
2026-06-21 12:38:00,196.30
2026-06-21 12:39:00,197.13
2026-06-21 12:40:00,197.42
2026-06-21 12:41:00,195.37
2026-06-21 12:42:00,196.44
2026-06-21 12:43:00,198.59
2026-06-21 12:44:00,199.75
2026-06-21 12:45:00,200.36
2026-06-21 12:46:00,200.52
2026-06-21 12:47:00,199.84
2026-06-21 12:48:00,200.68
2026-06-21 12:49:00,201.73
2026-06-21 12:50:00,203.39
2026-06-21 12:51:00,202.61
2026-06-21 12:52:00,202.22
2026-06-21 12:53:00,202.03
2026-06-21 12:54:00,201.10
2026-06-21 12:55:00,201.76
2026-06-21 12:56:00,199.76
2026-06-21 12:57:00,200.57
2026-06-21 12:58:00,200.50
2026-06-21 12:59:00,200.22
2026-06-21 13:00:00,199.97
2026-06-21 13:01:00,200.40
2026-06-21 13:02:00,200.54
2026-06-21 13:03:00,201.47
2026-06-21 13:04:00,201.54
2026-06-21 13:05:00,201.71
2026-06-21 13:06:00,202.02
2026-06-21 13:07:00,202.97
2026-06-21 13:08:00,201.64
2026-06-21 13:09:00,202.08
2026-06-21 13:10:00,200.00
2026-06-21 13:11:00,200.75
2026-06-21 13:12:00,202.20
2026-06-21 13:13:00,201.95
2026-06-21 13:14:00,201.69
2026-06-21 13:15:00,200.53
2026-06-21 13:16:00,200.09
2026-06-21 13:17:00,199.04
2026-06-21 13:18:00,198.73
2026-06-21 13:19:00,199.53
2026-06-21 13:20:00,199.87
2026-06-21 13:21:00,199.30
2026-06-21 13:22:00,199.47
2026-06-21 13:23:00,199.43
2026-06-21 13:24:00,198.63
2026-06-21 13:25:00,199.52
2026-06-21 13:26:00,200.51
2026-06-21 13:27:00,201.79
2026-06-21 13:28:00,201.30
2026-06-21 13:29:00,203.31
2026-06-21 13:30:00,203.32
2026-06-21 13:31:00,202.90
2026-06-21 13:32:00,202.71
2026-06-21 13:33:00,201.90
2026-06-21 13:34:00,202.27
2026-06-21 13:35:00,202.10
2026-06-21 13:36:00,201.59
2026-06-21 13:37:00,202.59
2026-06-21 13:38:00,202.77
2026-06-21 13:39:00,202.51
2026-06-21 13:40:00,203.01
2026-06-21 13:41:00,203.62
2026-06-21 13:42:00,202.73
2026-06-21 13:43:00,202.88
2026-06-21 13:44:00,202.61
2026-06-21 13:45:00,201.89
2026-06-21 13:46:00,202.90
2026-06-21 13:47:00,202.12
2026-06-21 13:48:00,202.04
2026-06-21 13:49:00,202.16
2026-06-21 13:50:00,202.52
2026-06-21 13:51:00,202.63
2026-06-21 13:52:00,203.16
2026-06-21 13:53:00,204.16
2026-06-21 13:54:00,204.55
2026-06-21 13:55:00,204.81
2026-06-21 13:56:00,205.56
2026-06-21 13:57:00,205.85
2026-06-21 13:58:00,206.23
2026-06-21 13:59:00,205.52
2026-06-21 14:00:00,204.97
2026-06-21 14:01:00,202.47
2026-06-21 14:02:00,203.53
2026-06-21 14:03:00,202.06
2026-06-21 14:04:00,203.29
2026-06-21 14:05:00,202.32
2026-06-21 14:06:00,200.36
2026-06-21 14:07:00,198.27
2026-06-21 14:08:00,198.59
2026-06-21 14:09:00,197.99
2026-06-21 14:10:00,198.77
2026-06-21 14:11:00,198.01
2026-06-21 14:12:00,199.20
2026-06-21 14:13:00,198.73
2026-06-21 14:14:00,199.26
2026-06-21 14:15:00,199.08
2026-06-21 14:16:00,197.95
2026-06-21 14:17:00,195.66
2026-06-21 14:18:00,196.71
2026-06-21 14:19:00,195.44
2026-06-21 14:20:00,196.47
2026-06-21 14:21:00,197.61
2026-06-21 14:22:00,198.00
2026-06-21 14:23:00,198.59
2026-06-21 14:24:00,197.57
2026-06-21 14:25:00,197.12
2026-06-21 14:26:00,198.05
2026-06-21 14:27:00,197.07
2026-06-21 14:28:00,197.29
2026-06-21 14:29:00,196.08
2026-06-21 14:30:00,195.86
2026-06-21 14:31:00,196.05
2026-06-21 14:32:00,197.90
2026-06-21 14:33:00,198.10
2026-06-21 14:34:00,196.80
2026-06-21 14:35:00,195.45
2026-06-21 14:36:00,194.98
2026-06-21 14:37:00,194.88
2026-06-21 14:38:00,193.85
2026-06-21 14:39:00,194.10
2026-06-21 14:40:00,194.86
2026-06-21 14:41:00,194.46
2026-06-21 14:42:00,194.20
2026-06-21 14:43:00,193.64
2026-06-21 14:44:00,193.29
2026-06-21 14:45:00,192.52
2026-06-21 14:46:00,188.95
2026-06-21 14:47:00,190.37
2026-06-21 14:48:00,190.48
2026-06-21 14:49:00,189.18
2026-06-21 14:50:00,191.28
2026-06-21 14:51:00,191.41
2026-06-21 14:52:00,190.22
2026-06-21 14:53:00,191.92
2026-06-21 14:54:00,192.52
2026-06-21 14:55:00,192.76
2026-06-21 14:56:00,194.10
2026-06-21 14:57:00,194.04
2026-06-21 14:58:00,193.39
2026-06-21 14:59:00,193.12
2026-06-21 15:00:00,193.25
2026-06-21 15:01:00,193.16
2026-06-21 15:02:00,191.50
2026-06-21 15:03:00,190.18
2026-06-21 15:04:00,189.90
2026-06-21 15:05:00,156.20
2026-06-21 15:06:00,155.25
2026-06-21 15:07:00,154.17
2026-06-21 15:08:00,155.53
2026-06-21 15:09:00,155.47
2026-06-21 15:10:00,155.69
2026-06-21 15:11:00,153.90
2026-06-21 15:12:00,154.26
2026-06-21 15:13:00,155.77
2026-06-21 15:14:00,156.74
2026-06-21 15:15:00,157.42
2026-06-21 15:16:00,157.54
2026-06-21 15:17:00,159.01
2026-06-21 15:18:00,159.49
2026-06-21 15:19:00,160.34
2026-06-21 15:20:00,160.35
2026-06-21 15:21:00,160.78
2026-06-21 15:22:00,161.18
2026-06-21 15:23:00,159.63
2026-06-21 15:24:00,159.77
2026-06-21 15:25:00,160.85
2026-06-21 15:26:00,161.02
2026-06-21 15:27:00,161.53
2026-06-21 15:28:00,161.68
2026-06-21 15:29:00,161.75
2026-06-21 15:30:00,161.19
2026-06-21 15:31:00,159.89
2026-06-21 15:32:00,159.37
2026-06-21 15:33:00,158.78
2026-06-21 15:34:00,159.43
2026-06-21 15:35:00,158.64
2026-06-21 15:36:00,158.92
2026-06-21 15:37:00,157.96
2026-06-21 15:38:00,156.68
2026-06-21 15:39:00,155.92
2026-06-21 15:40:00,154.20
2026-06-21 15:41:00,152.54
2026-06-21 15:42:00,153.14
2026-06-21 15:43:00,152.89
2026-06-21 15:44:00,152.07
2026-06-21 15:45:00,150.67
2026-06-21 15:46:00,148.75
2026-06-21 15:47:00,148.18
2026-06-21 15:48:00,146.01
2026-06-21 15:49:00,145.31
2026-06-21 15:50:00,143.08
2026-06-21 15:51:00,142.05
2026-06-21 15:52:00,140.44
2026-06-21 15:53:00,139.69
2026-06-21 15:54:00,137.83
2026-06-21 15:55:00,168.20
2026-06-21 15:56:00,167.13
2026-06-21 15:57:00,166.45
2026-06-21 15:58:00,163.85
2026-06-21 15:59:00,162.71
2026-06-21 16:00:00,162.83
2026-06-21 16:01:00,161.64
2026-06-21 16:02:00,162.04
2026-06-21 16:03:00,162.88
2026-06-21 16:04:00,163.06
2026-06-21 16:05:00,161.52
2026-06-21 16:06:00,162.41
2026-06-21 16:07:00,163.49
2026-06-21 16:08:00,163.42
2026-06-21 16:09:00,161.74
2026-06-21 16:10:00,161.44
2026-06-21 16:11:00,161.33
2026-06-21 16:12:00,159.43
2026-06-21 16:13:00,158.91
2026-06-21 16:14:00,158.22
2026-06-21 16:15:00,157.89
2026-06-21 16:16:00,155.72
2026-06-21 16:17:00,157.19
2026-06-21 16:18:00,156.35
2026-06-21 16:19:00,156.54
2026-06-21 16:20:00,156.84
2026-06-21 16:21:00,156.37
2026-06-21 16:22:00,156.02
2026-06-21 16:23:00,155.28
2026-06-21 16:24:00,155.65
2026-06-21 16:25:00,155.30
2026-06-21 16:26:00,155.37
2026-06-21 16:27:00,154.40
2026-06-21 16:28:00,155.78
2026-06-21 16:29:00,155.38
2026-06-21 16:30:00,154.01
2026-06-21 16:31:00,153.70
2026-06-21 16:32:00,154.45
2026-06-21 16:33:00,154.42
2026-06-21 16:34:00,153.46
2026-06-21 16:35:00,152.63
2026-06-21 16:36:00,151.84
2026-06-21 16:37:00,149.82
2026-06-21 16:38:00,149.39
2026-06-21 16:39:00,148.62
2026-06-21 16:40:00,148.08
2026-06-21 16:41:00,148.01
2026-06-21 16:42:00,147.53
2026-06-21 16:43:00,145.60
2026-06-21 16:44:00,144.39
2026-06-21 16:45:00,143.41
2026-06-21 16:46:00,143.99
2026-06-21 16:47:00,142.20
2026-06-21 16:48:00,143.18
2026-06-21 16:49:00,143.05
2026-06-21 16:50:00,142.28
2026-06-21 16:51:00,142.00
2026-06-21 16:52:00,140.78
2026-06-21 16:53:00,141.11
2026-06-21 16:54:00,141.97
2026-06-21 16:55:00,140.34
2026-06-21 16:56:00,139.49
2026-06-21 16:57:00,138.35
2026-06-21 16:58:00,138.37
2026-06-21 16:59:00,137.71
2026-06-21 17:00:00,137.06
2026-06-21 17:01:00,135.95
2026-06-21 17:02:00,134.07
2026-06-21 17:03:00,133.64
2026-06-21 17:04:00,133.17
2026-06-21 17:05:00,134.30
2026-06-21 17:06:00,134.17
2026-06-21 17:07:00,133.14
2026-06-21 17:08:00,132.70
2026-06-21 17:09:00,132.92
2026-06-21 17:10:00,131.39
2026-06-21 17:11:00,130.69
2026-06-21 17:12:00,131.62
2026-06-21 17:13:00,130.83
2026-06-21 17:14:00,130.57
2026-06-21 17:15:00,129.72
2026-06-21 17:16:00,128.69
2026-06-21 17:17:00,127.56
2026-06-21 17:18:00,125.49
2026-06-21 17:19:00,124.63
2026-06-21 17:20:00,124.04
2026-06-21 17:21:00,123.94
2026-06-21 17:22:00,123.06
2026-06-21 17:23:00,121.95
2026-06-21 17:24:00,120.78
2026-06-21 17:25:00,119.53
2026-06-21 17:26:00,118.31
2026-06-21 17:27:00,118.54
2026-06-21 17:28:00,117.89
2026-06-21 17:29:00,116.61
2026-06-21 17:30:00,115.86
2026-06-21 17:31:00,114.92
2026-06-21 17:32:00,114.55
2026-06-21 17:33:00,114.67
2026-06-21 17:34:00,114.82
2026-06-21 17:35:00,113.25
2026-06-21 17:36:00,112.39
2026-06-21 17:37:00,112.70
2026-06-21 17:38:00,112.58
2026-06-21 17:39:00,111.74
2026-06-21 17:40:00,109.85
2026-06-21 17:41:00,109.58
2026-06-21 17:42:00,109.40
2026-06-21 17:43:00,108.89
2026-06-21 17:44:00,107.61
2026-06-21 17:45:00,107.09
2026-06-21 17:46:00,106.01
2026-06-21 17:47:00,105.54
2026-06-21 17:48:00,105.31
2026-06-21 17:49:00,104.05
2026-06-21 17:50:00,102.91
2026-06-21 17:51:00,102.59
2026-06-21 17:52:00,101.13
2026-06-21 17:53:00,100.18
2026-06-21 17:54:00,99.29
2026-06-21 17:55:00,99.18
2026-06-21 17:56:00,98.02
2026-06-21 17:57:00,96.87
2026-06-21 17:58:00,97.18
2026-06-21 17:59:00,97.83
2026-06-21 18:00:00,97.23
2026-06-21 18:01:00,97.06
2026-06-21 18:02:00,96.48
2026-06-21 18:03:00,96.41
2026-06-21 18:04:00,94.99
2026-06-21 18:05:00,94.23
2026-06-21 18:06:00,94.14
2026-06-21 18:07:00,93.67
2026-06-21 18:08:00,92.95
2026-06-21 18:09:00,92.14
2026-06-21 18:10:00,91.37
2026-06-21 18:11:00,90.66
2026-06-21 18:12:00,89.77
2026-06-21 18:13:00,88.19
2026-06-21 18:14:00,87.78
2026-06-21 18:15:00,87.51
2026-06-21 18:16:00,86.38
2026-06-21 18:17:00,85.69
2026-06-21 18:18:00,84.97
2026-06-21 18:19:00,84.20
2026-06-21 18:20:00,83.04
2026-06-21 18:21:00,81.99
2026-06-21 18:22:00,81.11
2026-06-21 18:23:00,80.44
2026-06-21 18:24:00,80.18
2026-06-21 18:25:00,79.10
2026-06-21 18:26:00,78.04
2026-06-21 18:27:00,77.74
2026-06-21 18:28:00,76.66
2026-06-21 18:29:00,75.99
2026-06-21 18:30:00,75.49
2026-06-21 18:31:00,74.21
2026-06-21 18:32:00,73.11
2026-06-21 18:33:00,72.71
2026-06-21 18:34:00,72.40
2026-06-21 18:35:00,72.24
2026-06-21 18:36:00,70.94
2026-06-21 18:37:00,70.54
2026-06-21 18:38:00,69.44
2026-06-21 18:39:00,69.32
2026-06-21 18:40:00,60.13
2026-06-21 18:41:00,59.25
2026-06-21 18:42:00,58.58
2026-06-21 18:43:00,57.79
2026-06-21 18:44:00,65.36
2026-06-21 18:45:00,64.27
2026-06-21 18:46:00,64.02
2026-06-21 18:47:00,63.63
2026-06-21 18:48:00,62.27
2026-06-21 18:49:00,61.46
2026-06-21 18:50:00,59.89
2026-06-21 18:51:00,59.26
2026-06-21 18:52:00,58.44
2026-06-21 18:53:00,56.80
2026-06-21 18:54:00,56.42
2026-06-21 18:55:00,55.74
2026-06-21 18:56:00,55.19
2026-06-21 18:57:00,54.48
2026-06-21 18:58:00,53.58
2026-06-21 18:59:00,52.60
2026-06-21 19:00:00,51.68
2026-06-21 19:01:00,50.60
2026-06-21 19:02:00,49.65
2026-06-21 19:03:00,49.24
2026-06-21 19:04:00,48.31
2026-06-21 19:05:00,47.30
2026-06-21 19:06:00,47.03
2026-06-21 19:07:00,46.23
2026-06-21 19:08:00,44.83
2026-06-21 19:09:00,44.53
2026-06-21 19:10:00,44.07
2026-06-21 19:11:00,43.07
2026-06-21 19:12:00,41.87
2026-06-21 19:13:00,41.69
2026-06-21 19:14:00,40.77
2026-06-21 19:15:00,40.07
2026-06-21 19:16:00,39.30
2026-06-21 19:17:00,38.75
2026-06-21 19:18:00,37.85
2026-06-21 19:19:00,37.71
2026-06-21 19:20:00,37.34
2026-06-21 19:21:00,36.50
2026-06-21 19:22:00,35.92
2026-06-21 19:23:00,34.99
2026-06-21 19:24:00,34.00
2026-06-21 19:25:00,33.38
2026-06-21 19:26:00,32.76
2026-06-21 19:27:00,32.05
2026-06-21 19:28:00,31.39
2026-06-21 19:29:00,30.96
2026-06-21 19:30:00,30.28
2026-06-21 19:31:00,29.67
2026-06-21 19:32:00,29.06
2026-06-21 19:33:00,28.12
2026-06-21 19:34:00,27.71
2026-06-21 19:35:00,26.88
2026-06-21 19:36:00,26.03
2026-06-21 19:37:00,25.27
2026-06-21 19:38:00,24.63
2026-06-21 19:39:00,24.03
2026-06-21 19:40:00,23.19
2026-06-21 19:41:00,22.49
2026-06-21 19:42:00,21.78
2026-06-21 19:43:00,21.09
2026-06-21 19:44:00,20.46
2026-06-21 19:45:00,20.00
2026-06-21 19:46:00,19.48
2026-06-21 19:47:00,19.02
2026-06-21 19:48:00,18.57
2026-06-21 19:49:00,18.04
2026-06-21 19:50:00,17.51
2026-06-21 19:51:00,16.90
2026-06-21 19:52:00,16.30
2026-06-21 19:53:00,15.82
2026-06-21 19:54:00,15.09
2026-06-21 19:55:00,14.50
2026-06-21 19:56:00,13.76
2026-06-21 19:57:00,13.04
2026-06-21 19:58:00,12.30
2026-06-21 19:59:00,11.73
2026-06-21 20:00:00,11.27
2026-06-21 20:01:00,10.67
2026-06-21 20:02:00,10.15
2026-06-21 20:03:00,9.73
2026-06-21 20:04:00,9.28
2026-06-21 20:05:00,8.77
2026-06-21 20:06:00,8.27
2026-06-21 20:07:00,7.76
2026-06-21 20:08:00,7.23
2026-06-21 20:09:00,6.71
2026-06-21 20:10:00,6.20
2026-06-21 20:11:00,5.70
2026-06-21 20:12:00,5.28
2026-06-21 20:13:00,4.82
2026-06-21 20:14:00,4.42
2026-06-21 20:15:00,3.98
2026-06-21 20:16:00,3.54
2026-06-21 20:17:00,3.11
2026-06-21 20:18:00,2.93
2026-06-21 20:19:00,2.84
2026-06-21 20:20:00,2.79
2026-06-21 20:21:00,2.73
2026-06-21 20:22:00,2.66
2026-06-21 20:23:00,2.57
2026-06-21 20:24:00,2.49
2026-06-21 20:25:00,2.43
2026-06-21 20:26:00,2.36
2026-06-21 20:27:00,2.28
2026-06-21 20:28:00,2.20
2026-06-21 20:29:00,2.13
2026-06-21 20:30:00,2.06
2026-06-21 20:31:00,2.00
2026-06-21 20:32:00,1.93
2026-06-21 20:33:00,1.86
2026-06-21 20:34:00,1.78
2026-06-21 20:35:00,1.73
2026-06-21 20:36:00,1.66
2026-06-21 20:37:00,1.58
2026-06-21 20:38:00,1.51
2026-06-21 20:39:00,1.46
2026-06-21 20:40:00,1.39
2026-06-21 20:41:00,1.33
2026-06-21 20:42:00,1.29
2026-06-21 20:43:00,1.22
2026-06-21 20:44:00,1.16
2026-06-21 20:45:00,1.11
2026-06-21 20:46:00,1.06
2026-06-21 20:47:00,1.00
2026-06-21 20:48:00,0.95
2026-06-21 20:49:00,0.89
2026-06-21 20:50:00,0.85
2026-06-21 20:51:00,0.80
2026-06-21 20:52:00,0.76
2026-06-21 20:53:00,0.71
2026-06-21 20:54:00,0.67
2026-06-21 20:55:00,0.63
2026-06-21 20:56:00,0.58
2026-06-21 20:57:00,0.54
2026-06-21 20:58:00,0.50
2026-06-21 20:59:00,0.46
2026-06-21 21:00:00,0.43
2026-06-21 21:01:00,0.39
2026-06-21 21:02:00,0.36
2026-06-21 21:03:00,0.33
2026-06-21 21:04:00,0.29
2026-06-21 21:05:00,0.26
2026-06-21 21:06:00,0.23
2026-06-21 21:07:00,0.00
2026-06-21 21:08:00,0.00
2026-06-21 21:09:00,0.00
2026-06-21 21:10:00,0.00
2026-06-21 21:11:00,0.00
2026-06-21 21:12:00,0.00
2026-06-21 21:13:00,0.00
2026-06-21 21:14:00,0.00
2026-06-21 21:15:00,0.00
2026-06-21 21:16:00,0.00
2026-06-21 21:17:00,0.00
2026-06-21 21:18:00,0.00
2026-06-21 21:19:00,0.00
2026-06-21 21:20:00,0.00
2026-06-21 21:21:00,0.00
2026-06-21 21:22:00,0.00
2026-06-21 21:23:00,0.00
2026-06-21 21:24:00,0.00
2026-06-21 21:25:00,0.00
2026-06-21 21:26:00,0.00
2026-06-21 21:27:00,0.00
2026-06-21 21:28:00,0.00
2026-06-21 21:29:00,0.00
2026-06-21 21:30:00,0.00
2026-06-21 21:31:00,0.00
2026-06-21 21:32:00,0.00
2026-06-21 21:33:00,0.00
2026-06-21 21:34:00,0.00
2026-06-21 21:35:00,0.00
2026-06-21 21:36:00,0.00
2026-06-21 21:37:00,0.00
2026-06-21 21:38:00,0.00
2026-06-21 21:39:00,0.00
2026-06-21 21:40:00,0.00
2026-06-21 21:41:00,0.00
2026-06-21 21:42:00,0.00
2026-06-21 21:43:00,0.00
2026-06-21 21:44:00,0.00
2026-06-21 21:45:00,0.00
2026-06-21 21:46:00,0.00
2026-06-21 21:47:00,0.00
2026-06-21 21:48:00,0.00
2026-06-21 21:49:00,0.00
2026-06-21 21:50:00,0.00
2026-06-21 21:51:00,0.00
2026-06-21 21:52:00,0.00
2026-06-21 21:53:00,0.00
2026-06-21 21:54:00,0.00
2026-06-21 21:55:00,0.00
2026-06-21 21:56:00,0.00
2026-06-21 21:57:00,0.00
2026-06-21 21:58:00,0.00
2026-06-21 21:59:00,0.00
2026-06-21 22:00:00,0.00
2026-06-21 22:01:00,0.00
2026-06-21 22:02:00,0.00
2026-06-21 22:03:00,0.00
2026-06-21 22:04:00,0.00
2026-06-21 22:05:00,0.00
2026-06-21 22:06:00,0.00
2026-06-21 22:07:00,0.00
2026-06-21 22:08:00,0.00
2026-06-21 22:09:00,0.00
2026-06-21 22:10:00,0.00
2026-06-21 22:11:00,0.00
2026-06-21 22:12:00,0.00
2026-06-21 22:13:00,0.00
2026-06-21 22:14:00,0.00
2026-06-21 22:15:00,0.00
2026-06-21 22:16:00,0.00
2026-06-21 22:17:00,0.00
2026-06-21 22:18:00,0.00
2026-06-21 22:19:00,0.00
2026-06-21 22:20:00,0.00
2026-06-21 22:21:00,0.00
2026-06-21 22:22:00,0.00
2026-06-21 22:23:00,0.00
2026-06-21 22:24:00,0.00
2026-06-21 22:25:00,0.00
2026-06-21 22:26:00,0.00
2026-06-21 22:27:00,0.00
2026-06-21 22:28:00,0.00
2026-06-21 22:29:00,0.00
2026-06-21 22:30:00,0.00
2026-06-21 22:31:00,0.00
2026-06-21 22:32:00,0.00
2026-06-21 22:33:00,0.00
2026-06-21 22:34:00,0.00
2026-06-21 22:35:00,0.00
2026-06-21 22:36:00,0.00
2026-06-21 22:37:00,0.00
2026-06-21 22:38:00,0.00
2026-06-21 22:39:00,0.00
2026-06-21 22:40:00,0.00
2026-06-21 22:41:00,0.00
2026-06-21 22:42:00,0.00
2026-06-21 22:43:00,0.00
2026-06-21 22:44:00,0.00
2026-06-21 22:45:00,0.00
2026-06-21 22:46:00,0.00
2026-06-21 22:47:00,0.00
2026-06-21 22:48:00,0.00
2026-06-21 22:49:00,0.00
2026-06-21 22:50:00,0.00
2026-06-21 22:51:00,0.00
2026-06-21 22:52:00,0.00
2026-06-21 22:53:00,0.00
2026-06-21 22:54:00,0.00
2026-06-21 22:55:00,0.00
2026-06-21 22:56:00,0.00
2026-06-21 22:57:00,0.00
2026-06-21 22:58:00,0.00
2026-06-21 22:59:00,0.00
2026-06-21 23:00:00,0.00
2026-06-21 23:01:00,0.00
2026-06-21 23:02:00,0.00
2026-06-21 23:03:00,0.00
2026-06-21 23:04:00,0.00
2026-06-21 23:05:00,0.00
2026-06-21 23:06:00,0.00
2026-06-21 23:07:00,0.00
2026-06-21 23:08:00,0.00
2026-06-21 23:09:00,0.00
2026-06-21 23:10:00,0.00
2026-06-21 23:11:00,0.00
2026-06-21 23:12:00,0.00
2026-06-21 23:13:00,0.00
2026-06-21 23:14:00,0.00
2026-06-21 23:15:00,0.00
2026-06-21 23:16:00,0.00
2026-06-21 23:17:00,0.00
2026-06-21 23:18:00,0.00
2026-06-21 23:19:00,0.00
2026-06-21 23:20:00,0.00
2026-06-21 23:21:00,0.00
2026-06-21 23:22:00,0.00
2026-06-21 23:23:00,0.00
2026-06-21 23:24:00,0.00
2026-06-21 23:25:00,0.00
2026-06-21 23:26:00,0.00
2026-06-21 23:27:00,0.00
2026-06-21 23:28:00,0.00
2026-06-21 23:29:00,0.00
2026-06-21 23:30:00,0.00
2026-06-21 23:31:00,0.00
2026-06-21 23:32:00,0.00
2026-06-21 23:33:00,0.00
2026-06-21 23:34:00,0.00
2026-06-21 23:35:00,0.00
2026-06-21 23:36:00,0.00
2026-06-21 23:37:00,0.00
2026-06-21 23:38:00,0.00
2026-06-21 23:39:00,0.00
2026-06-21 23:40:00,0.00
2026-06-21 23:41:00,0.00
2026-06-21 23:42:00,0.00
2026-06-21 23:43:00,0.00
2026-06-21 23:44:00,0.00
2026-06-21 23:45:00,0.00
2026-06-21 23:46:00,0.00
2026-06-21 23:47:00,0.00
2026-06-21 23:48:00,0.00
2026-06-21 23:49:00,0.00
2026-06-21 23:50:00,0.00
2026-06-21 23:51:00,0.00
2026-06-21 23:52:00,0.00
2026-06-21 23:53:00,0.00
2026-06-21 23:54:00,0.00
2026-06-21 23:55:00,0.00
2026-06-21 23:56:00,0.00
2026-06-21 23:57:00,0.00
2026-06-21 23:58:00,0.00
2026-06-21 23:59:00,0.00
